"id","no","sort","permission_group_id","name","user_group_id","url","auth","method","status","created","modified"
"1","1","1","1","編集","2","/baser/admin/baser-core/content_folders/edit/*",,"POST","1","2024-11-04 12:20:06","2024-11-04 12:20:06"
"2","2","2","2","一覧","2","/baser/admin/baser-core/contents/index","1","*","1","2024-11-04 12:20:06","2024-11-04 12:20:06"
"3","3","3","2","ゴミ箱","2","/baser/admin/baser-core/contents/trash_index","1","GET","1","2024-11-04 12:20:06","2024-11-04 12:20:06"
"4","4","4","2","エイリアス編集","2","/baser/admin/baser-core/contents/edit_alias/*","1","POST","1","2024-11-04 12:20:06","2024-11-04 12:20:06"
"5","5","5","2","ゴミ箱から戻す","2","/baser/admin/baser-core/contents/trash_return/*","1","POST","1","2024-11-04 12:20:06","2024-11-04 12:20:06"
"6","6","6","3","編集","2","/baser/admin/baser-core/pages/edit/*","1","POST","1","2024-11-04 12:20:06","2024-11-04 12:20:06"
"7","7","7","4","一覧","2","/baser/admin/baser-core/permission_groups/index/*",,"*","1","2024-11-04 12:20:06","2024-11-04 12:20:06"
"8","8","8","4","編集","2","/baser/admin/baser-core/permission_groups/edit/*",,"POST","1","2024-11-04 12:20:06","2024-11-04 12:20:06"
"9","9","9","4","ルール再構築","2","/baser/admin/baser-core/permission_groups/rebuild_by_user_group/*",,"POST","1","2024-11-04 12:20:06","2024-11-04 12:20:06"
"10","10","10","5","一覧","2","/baser/admin/baser-core/permissions/index/*",,"*","1","2024-11-04 12:20:06","2024-11-04 12:20:06"
"11","11","11","5","新規登録","2","/baser/admin/baser-core/permissions/add/*",,"POST","1","2024-11-04 12:20:06","2024-11-04 12:20:06"
"12","12","12","5","編集","2","/baser/admin/baser-core/permissions/edit/*",,"POST","1","2024-11-04 12:20:06","2024-11-04 12:20:06"
"13","13","13","5","削除","2","/baser/admin/baser-core/permissions/delete/*",,"POST","1","2024-11-04 12:20:06","2024-11-04 12:20:06"
"14","14","14","5","コピー","2","/baser/admin/baser-core/permissions/copy/*",,"POST","1","2024-11-04 12:20:06","2024-11-04 12:20:06"
"15","15","15","5","公開設定","2","/baser/admin/baser-core/permissions/publish/*",,"POST","1","2024-11-04 12:20:06","2024-11-04 12:20:06"
"16","16","16","5","非公開設定","2","/baser/admin/baser-core/permissions/unpublish/*",,"POST","1","2024-11-04 12:20:06","2024-11-04 12:20:06"
"17","17","17","6","一覧","2","/baser/admin/baser-core/plugins/index/*",,"*","1","2024-11-04 12:20:06","2024-11-04 12:20:06"
"18","18","18","6","登録","2","/baser/admin/baser-core/plugins/add",,"POST","1","2024-11-04 12:20:06","2024-11-04 12:20:06"
"19","19","19","6","マーケットのプラグインを取得","2","/baser/admin/baser-core/plugins/get_market_plugins",,"GET","1","2024-11-04 12:20:06","2024-11-04 12:20:06"
"20","20","20","6","無効化","2","/baser/admin/baser-core/plugins/detach/*",,"POST","1","2024-11-04 12:20:06","2024-11-04 12:20:06"
"21","21","21","6","インストール","2","/baser/admin/baser-core/plugins/install/*",,"POST","1","2024-11-04 12:20:06","2024-11-04 12:20:06"
"22","22","22","6","データベース初期化","2","/baser/admin/baser-core/plugins/reset_db",,"POST","1","2024-11-04 12:20:06","2024-11-04 12:20:06"
"23","23","23","6","アンインストール","2","/baser/admin/baser-core/plugins/uninstall/*",,"POST","1","2024-11-04 12:20:06","2024-11-04 12:20:06"
"24","24","24","6","アップデート","2","/baser/admin/baser-core/plugins/update/*",,"POST","1","2024-11-04 12:20:06","2024-11-04 12:20:06"
"25","25","25","7","編集","2","/baser/admin/baser-core/site_configs/index",,"POST","1","2024-11-04 12:20:06","2024-11-04 12:20:06"
"26","26","26","8","一覧","2","/baser/admin/baser-core/sites/index",,"*","1","2024-11-04 12:20:06","2024-11-04 12:20:06"
"27","27","27","8","新規登録","2","/baser/admin/baser-core/sites/add",,"POST","1","2024-11-04 12:20:06","2024-11-04 12:20:06"
"28","28","28","8","編集","2","/baser/admin/baser-core/sites/edit/*",,"POST","1","2024-11-04 12:20:06","2024-11-04 12:20:06"
"29","29","29","8","削除","2","/baser/admin/baser-core/sites/delete/*",,"POST","1","2024-11-04 12:20:06","2024-11-04 12:20:06"
"30","30","30","8","公開設定","2","/baser/admin/baser-core/sites/publish/*",,"POST","1","2024-11-04 12:20:06","2024-11-04 12:20:06"
"31","31","31","8","非公開設定","2","/baser/admin/baser-core/sites/unpublish/*",,"POST","1","2024-11-04 12:20:06","2024-11-04 12:20:06"
"32","32","32","9","一覧","2","/baser/admin/baser-core/themes/index",,"*","1","2024-11-04 12:20:06","2024-11-04 12:20:06"
"33","33","33","9","新規登録","2","/baser/admin/baser-core/themes/add",,"POST","1","2024-11-04 12:20:06","2024-11-04 12:20:06"
"34","34","34","9","削除","2","/baser/admin/baser-core/themes/delete/*",,"POST","1","2024-11-04 12:20:06","2024-11-04 12:20:06"
"35","35","35","9","コピー","2","/baser/admin/baser-core/themes/copy/*",,"POST","1","2024-11-04 12:20:06","2024-11-04 12:20:06"
"36","36","36","9","適用","2","/baser/admin/baser-core/themes/apply/*",,"POST","1","2024-11-04 12:20:06","2024-11-04 12:20:06"
"37","37","37","9","ダウンロード","2","/baser/admin/baser-core/themes/download/*",,"GET","1","2024-11-04 12:20:06","2024-11-04 12:20:06"
"38","38","38","9","初期データダウンロード","2","/baser/admin/baser-core/themes/download_default_data_pattern",,"GET","1","2024-11-04 12:20:06","2024-11-04 12:20:06"
"39","39","39","9","マーケットのテーマ取得","2","/baser/admin/baser-core/themes/get_market_themes",,"GET","1","2024-11-04 12:20:06","2024-11-04 12:20:06"
"40","40","40","9","初期データ読み込み","2","/baser/admin/baser-core/themes/load_default_data_pattern",,"POST","1","2024-11-04 12:20:06","2024-11-04 12:20:06"
"41","41","41","9","スクリーンショット","2","/baser/admin/baser-core/themes/screenshot/*",,"GET","1","2024-11-04 12:20:06","2024-11-04 12:20:06"
"42","42","42","10","一覧","2","/baser/admin/baser-core/user_groups/index",,"*","1","2024-11-04 12:20:06","2024-11-04 12:20:06"
"43","43","43","10","新規登録","2","/baser/admin/baser-core/user_groups/add",,"POST","1","2024-11-04 12:20:06","2024-11-04 12:20:06"
"44","44","44","10","編集","2","/baser/admin/baser-core/user_groups/edit/*",,"POST","1","2024-11-04 12:20:06","2024-11-04 12:20:06"
"45","45","45","10","削除","2","/baser/admin/baser-core/user_groups/delete/*",,"POST","1","2024-11-04 12:20:06","2024-11-04 12:20:06"
"46","46","46","10","コピー","2","/baser/admin/baser-core/user_groups/copy/*",,"POST","1","2024-11-04 12:20:06","2024-11-04 12:20:06"
"47","47","47","11","一覧","2","/baser/admin/baser-core/users/index",,"*","1","2024-11-04 12:20:06","2024-11-04 12:20:06"
"48","48","48","11","新規登録","2","/baser/admin/baser-core/users/add",,"POST","1","2024-11-04 12:20:06","2024-11-04 12:20:06"
"49","49","49","11","編集","2","/baser/admin/baser-core/users/edit/*",,"POST","1","2024-11-04 12:20:06","2024-11-04 12:20:06"
"50","50","50","11","自身の編集","2","/baser/admin/baser-core/users/edit/{loginUserId}","1","POST","1","2024-11-04 12:20:06","2024-11-04 12:20:06"
"51","51","51","11","削除","2","/baser/admin/baser-core/users/delete/*",,"POST","1","2024-11-04 12:20:06","2024-11-04 12:20:06"
"52","52","52","11","代理ログイン","2","/baser/admin/baser-core/users/login_agent/*",,"POST","1","2024-11-04 12:20:06","2024-11-04 12:20:06"
"53","53","53","12","トップ","2","/baser/admin/baser-core/utilities/index",,"GET","1","2024-11-04 12:20:06","2024-11-04 12:20:06"
"54","54","54","12","キャッシュクリア","2","/baser/admin/baser-core/utilities/clear_cache","1","GET","1","2024-11-04 12:20:06","2024-11-04 12:20:06"
"55","55","55","12","クレジット","2","/baser/admin/baser-core/utilities/credit","1","GET","1","2024-11-04 12:20:06","2024-11-04 12:20:06"
"56","56","56","12","環境情報","2","/baser/admin/baser-core/utilities/info",,"GET","1","2024-11-04 12:20:06","2024-11-04 12:20:06"
"57","57","57","12","ログメンテナンス","2","/baser/admin/baser-core/utilities/log_maintenance/*",,"POST","1","2024-11-04 12:20:06","2024-11-04 12:20:06"
"58","58","58","12","データメンテナンス","2","/baser/admin/baser-core/utilities/maintenance/*",,"POST","1","2024-11-04 12:20:06","2024-11-04 12:20:06"
"59","59","59","12","PHPインフォ","2","/baser/admin/baser-core/utilities/phpinfo","1","GET","1","2024-11-04 12:20:06","2024-11-04 12:20:06"
"60","60","60","12","ツリー構造リセット","2","/baser/admin/baser-core/utilities/reset_contents_tree",,"POST","1","2024-11-04 12:20:06","2024-11-04 12:20:06"
"61","61","61","12","コア初期データ読み込み","2","/baser/admin/baser-core/utilities/reset_data",,"POST","1","2024-11-04 12:20:06","2024-11-04 12:20:06"
"62","62","62","12","ツリー構造チェック","2","/baser/admin/baser-core/utilities/verity_contents_tree",,"POST","1","2024-11-04 12:20:06","2024-11-04 12:20:06"
"63","63","63","13","一覧取得","2","/baser/api/admin/baser-core/content_folders/index.json","1","*","1","2024-11-04 12:20:06","2024-11-04 12:20:06"
"64","64","64","13","単一取得","2","/baser/api/admin/baser-core/content_folders/view/*.json","1","*","1","2024-11-04 12:20:06","2024-11-04 12:20:06"
"65","65","65","13","新規登録","2","/baser/api/admin/baser-core/content_folders/add.json",,"POST","1","2024-11-04 12:20:06","2024-11-04 12:20:06"
"66","66","66","13","編集","2","/baser/api/admin/baser-core/content_folders/edit/*.json",,"POST","1","2024-11-04 12:20:06","2024-11-04 12:20:06"
"67","67","67","13","削除","2","/baser/api/admin/baser-core/content_folders/delete/*.json",,"POST","1","2024-11-04 12:20:06","2024-11-04 12:20:06"
"68","68","68","14","一覧取得","2","/baser/api/admin/baser-core/contents/index.json","1","*","1","2024-11-04 12:20:06","2024-11-04 12:20:06"
"69","69","69","14","単一取得","2","/baser/api/admin/baser-core/contents/view/*.json","1","*","1","2024-11-04 12:20:06","2024-11-04 12:20:06"
"70","70","70","14","新規登録","2","/baser/api/admin/baser-core/contents/add.json","1","POST","1","2024-11-04 12:20:06","2024-11-04 12:20:06"
"71","71","71","14","編集","2","/baser/api/admin/baser-core/contents/edit/*.json","1","POST","1","2024-11-04 12:20:06","2024-11-04 12:20:06"
"72","72","72","14","削除","2","/baser/api/admin/baser-core/contents/delete/*.json","1","POST","1","2024-11-04 12:20:06","2024-11-04 12:20:06"
"73","73","73","14","エイリアス登録","2","/baser/api/admin/baser-core/contents/add_alias.json","1","POST","1","2024-11-04 12:20:06","2024-11-04 12:20:06"
"74","74","74","14","バッチ処理","2","/baser/api/admin/baser-core/contents/batch.json","1","POST","1","2024-11-04 12:20:06","2024-11-04 12:20:06"
"75","75","75","14","公開状態変更","2","/baser/api/admin/baser-core/contents/change_status.json","1","POST","1","2024-11-04 12:20:06","2024-11-04 12:20:06"
"76","76","76","14","存在確認","2","/baser/api/admin/baser-core/contents/exists/*.json","1","GET","1","2024-11-04 12:20:06","2024-11-04 12:20:06"
"77","77","77","14","フォルダ一覧取得","2","/baser/api/admin/baser-core/contents/get_content_folder_list/*.json","1","GET","1","2024-11-04 12:20:06","2024-11-04 12:20:06"
"78","78","78","14","フルURL取得","2","/baser/api/admin/baser-core/contents/get_full_url/*.json","1","GET","1","2024-11-04 12:20:06","2024-11-04 12:20:06"
"79","79","79","14","一意性チェック","2","/baser/api/admin/baser-core/contents/is_unique_content.json","1","POST","1","2024-11-04 12:20:06","2024-11-04 12:20:06"
"80","80","80","14","移動","2","/baser/api/admin/baser-core/contents/move.json","1","POST","1","2024-11-04 12:20:06","2024-11-04 12:20:06"
"81","81","81","14","リネーム","2","/baser/api/admin/baser-core/contents/rename.json","1","POST","1","2024-11-04 12:20:06","2024-11-04 12:20:06"
"82","82","82","14","ゴミ箱を空にする","2","/baser/api/admin/baser-core/contents/trash_empty.json","1","POST","1","2024-11-04 12:20:06","2024-11-04 12:20:06"
"83","83","83","14","ゴミ箱から戻す","2","/baser/api/admin/baser-core/contents/trash_return/*.json","1","GET","1","2024-11-04 12:20:06","2024-11-04 12:20:06"
"84","84","84","14","ゴミ箱内一覧","2","/baser/api/admin/baser-core/contents/view_trash/*.json","1","*","1","2024-11-04 12:20:06","2024-11-04 12:20:06"
"85","85","85","15","一覧取得","2","/baser/api/admin/baser-core/dblogs/index.json","1","*","1","2024-11-04 12:20:06","2024-11-04 12:20:06"
"86","86","86","15","新規登録","2","/baser/api/admin/baser-core/dblogs/add.json","1","POST","1","2024-11-04 12:20:06","2024-11-04 12:20:06"
"87","87","87","15","削除","2","/baser/api/admin/baser-core/dblogs/delete_all.json",,"POST","1","2024-11-04 12:20:06","2024-11-04 12:20:06"
"88","88","88","16","一覧取得","2","/baser/api/admin/baser-core/pages/index.json","1","*","1","2024-11-04 12:20:06","2024-11-04 12:20:06"
"89","89","89","16","単一取得","2","/baser/api/admin/baser-core/pages/view/*.json","1","*","1","2024-11-04 12:20:06","2024-11-04 12:20:06"
"90","90","90","16","新規登録","2","/baser/api/admin/baser-core/pages/add.json","1","POST","1","2024-11-04 12:20:06","2024-11-04 12:20:06"
"91","91","91","16","編集","2","/baser/api/admin/baser-core/pages/edit/*.json","1","POST","1","2024-11-04 12:20:06","2024-11-04 12:20:06"
"92","92","92","16","削除","2","/baser/api/admin/baser-core/pages/delete/*.json","1","POST","1","2024-11-04 12:20:06","2024-11-04 12:20:06"
"93","93","93","16","コピー","2","/baser/api/admin/baser-core/pages/copy.json","1","POST","1","2024-11-04 12:20:06","2024-11-04 12:20:06"
"94","94","94","17","一覧取得","2","/baser/api/admin/baser-core/permissions/index/*.json",,"*","1","2024-11-04 12:20:06","2024-11-04 12:20:06"
"95","95","95","17","単一取得","2","/baser/api/admin/baser-core/permissions/view/*.json",,"*","1","2024-11-04 12:20:06","2024-11-04 12:20:06"
"96","96","96","17","新規登録","2","/baser/api/admin/baser-core/permissions/add.json",,"POST","1","2024-11-04 12:20:06","2024-11-04 12:20:06"
"97","97","97","17","編集","2","/baser/api/admin/baser-core/permissions/edit/*.json",,"POST","1","2024-11-04 12:20:06","2024-11-04 12:20:06"
"98","98","98","17","削除","2","/baser/api/admin/baser-core/permissions/delete/*.json",,"POST","1","2024-11-04 12:20:06","2024-11-04 12:20:06"
"99","99","99","17","コピー","2","/baser/api/admin/baser-core/permissions/copy/*.json",,"POST","1","2024-11-04 12:20:06","2024-11-04 12:20:06"
"100","100","100","17","一括処理","2","/baser/api/admin/baser-core/permissions/batch.json",,"POST","1","2024-11-04 12:20:06","2024-11-04 12:20:06"
"101","101","101","17","並び順変更","2","/baser/api/admin/baser-core/permissions/update_sort/*.json",,"POST","1","2024-11-04 12:20:06","2024-11-04 12:20:06"
"102","102","102","18","新規登録","2","/baser/api/admin/baser-core/plugins/add.json",,"POST","1","2024-11-04 12:20:06","2024-11-04 12:20:06"
"103","103","103","18","有効化","2","/baser/api/admin/baser-core/plugins/attach/*.json",,"POST","1","2024-11-04 12:20:06","2024-11-04 12:20:06"
"104","104","104","18","一括処理","2","/baser/api/admin/baser-core/plugins/batch.json",,"POST","1","2024-11-04 12:20:06","2024-11-04 12:20:06"
"105","105","105","18","無効化","2","/baser/api/admin/baser-core/plugins/detach/*.json",,"POST","1","2024-11-04 12:20:06","2024-11-04 12:20:06"
"106","106","106","18","マーケットのプラグインを取得","2","/baser/api/admin/baser-core/plugins/get_market_plugins.json",,"GET","1","2024-11-04 12:20:06","2024-11-04 12:20:06"
"107","107","107","18","一覧取得","2","/baser/api/admin/baser-core/plugins/index.json",,"GET","1","2024-11-04 12:20:06","2024-11-04 12:20:06"
"108","108","108","18","インストール","2","/baser/api/admin/baser-core/plugins/install/*.json",,"POST","1","2024-11-04 12:20:06","2024-11-04 12:20:06"
"109","109","109","18","データベース初期化","2","/baser/api/admin/baser-core/plugins/reset_db/*.json",,"POST","1","2024-11-04 12:20:06","2024-11-04 12:20:06"
"110","110","110","18","アンインストール","2","/baser/api/admin/baser-core/plugins/uninstall/*.json",,"POST","1","2024-11-04 12:20:06","2024-11-04 12:20:06"
"111","111","111","18","並び順変更","2","/baser/api/admin/baser-core/plugins/update_sort.json",,"POST","1","2024-11-04 12:20:06","2024-11-04 12:20:06"
"112","112","112","18","単一取得","2","/baser/api/admin/baser-core/plugins/view/*.json",,"GET","1","2024-11-04 12:20:06","2024-11-04 12:20:06"
"113","113","113","19","メール送信テスト","2","/baser/api/admin/baser-core/site_configs/check_sendmail.json",,"POST","1","2024-11-04 12:20:06","2024-11-04 12:20:06"
"114","114","114","19","編集","2","/baser/api/admin/baser-core/site_configs/edit.json",,"POST","1","2024-11-04 12:20:06","2024-11-04 12:20:06"
"115","115","115","19","設定取得","2","/baser/api/admin/baser-core/site_configs/view.json","1","GET","1","2024-11-04 12:20:06","2024-11-04 12:20:06"
"116","116","116","20","新規登録","2","/baser/api/admin/baser-core/sites/add.json",,"POST","1","2024-11-04 12:20:06","2024-11-04 12:20:06"
"117","117","117","20","削除","2","/baser/api/admin/baser-core/sites/delete/*.json",,"POST","1","2024-11-04 12:20:06","2024-11-04 12:20:06"
"118","118","118","20","編集","2","/baser/api/admin/baser-core/sites/edit/*.json",,"POST","1","2024-11-04 12:20:06","2024-11-04 12:20:06"
"119","119","119","20","選択可能な言語とデバイス取得","2","/baser/api/admin/baser-core/sites/get_selectable_devices_and_lang/*.json","1","GET","1","2024-11-04 12:20:06","2024-11-04 12:20:06"
"120","120","120","20","一覧取得","2","/baser/api/admin/baser-core/sites/index.json","1","GET","1","2024-11-04 12:20:06","2024-11-04 12:20:06"
"121","121","121","20","単一取得","2","/baser/api/admin/baser-core/sites/view/*.json","1","GET","1","2024-11-04 12:20:06","2024-11-04 12:20:06"
"122","122","122","21","新規登録","2","/baser/api/admin/baser-core/themes/add.json",,"POST","1","2024-11-04 12:20:06","2024-11-04 12:20:06"
"123","123","123","21","適用","2","/baser/api/admin/baser-core/themes/apply/*.json",,"POST","1","2024-11-04 12:20:06","2024-11-04 12:20:06"
"124","124","124","21","コピー","2","/baser/api/admin/baser-core/themes/copy/*.json",,"POST","1","2024-11-04 12:20:06","2024-11-04 12:20:06"
"125","125","125","21","削除","2","/baser/api/admin/baser-core/themes/delete/*.json",,"POST","1","2024-11-04 12:20:06","2024-11-04 12:20:06"
"126","126","126","21","マーケットのテーマを取得","2","/baser/api/admin/baser-core/themes/get_market_themes.json",,"GET","1","2024-11-04 12:20:06","2024-11-04 12:20:06"
"127","127","127","21","一覧取得","2","/baser/api/admin/baser-core/themes/index.json",,"GET","1","2024-11-04 12:20:06","2024-11-04 12:20:06"
"128","128","128","21","初期データ読み込み","2","/baser/api/admin/baser-core/themes/load_default_data/*.json",,"POST","1","2024-11-04 12:20:06","2024-11-04 12:20:06"
"129","129","129","21","単一取得","2","/baser/api/admin/baser-core/themes/view/*.json",,"GET","1","2024-11-04 12:20:06","2024-11-04 12:20:06"
"130","130","130","22","新規登録","2","/baser/api/admin/baser-core/user_groups/add.json",,"POST","1","2024-11-04 12:20:06","2024-11-04 12:20:06"
"131","131","131","22","コピー","2","/baser/api/admin/baser-core/user_groups/copy/*.json",,"POST","1","2024-11-04 12:20:06","2024-11-04 12:20:06"
"132","132","132","22","削除","2","/baser/api/admin/baser-core/user_groups/delete/*.json",,"POST","1","2024-11-04 12:20:06","2024-11-04 12:20:06"
"133","133","133","22","編集","2","/baser/api/admin/baser-core/user_groups/edit/*.json",,"POST","1","2024-11-04 12:20:06","2024-11-04 12:20:06"
"134","134","134","22","一覧取得","2","/baser/api/admin/baser-core/user_groups/index.json",,"GET","1","2024-11-04 12:20:06","2024-11-04 12:20:06"
"135","135","135","22","リスト取得","2","/baser/api/admin/baser-core/user_groups/list.json",,"GET","1","2024-11-04 12:20:06","2024-11-04 12:20:06"
"136","136","136","22","単一取得","2","/baser/api/admin/baser-core/user_groups/view/*.json",,"GET","1","2024-11-04 12:20:06","2024-11-04 12:20:06"
"137","137","137","23","一覧取得","2","/baser/api/admin/baser-core/users/index.json",,"GET","1","2024-11-04 12:20:06","2024-11-04 12:20:06"
"138","138","138","23","単一取得","2","/baser/api/admin/baser-core/users/view/*.json",,"GET","1","2024-11-04 12:20:06","2024-11-04 12:20:06"
"139","139","139","23","新規登録","2","/baser/api/admin/baser-core/users/add.json",,"POST","1","2024-11-04 12:20:06","2024-11-04 12:20:06"
"140","140","140","23","編集","2","/baser/api/admin/baser-core/users/edit/*.json",,"POST","1","2024-11-04 12:20:06","2024-11-04 12:20:06"
"141","141","141","23","削除","2","/baser/api/admin/baser-core/users/delete/*.json",,"POST","1","2024-11-04 12:20:06","2024-11-04 12:20:06"
"142","142","142","24","キャッシュクリア","2","/baser/api/admin/baser-core/utilities/clear_cache.json","1","GET","1","2024-11-04 12:20:06","2024-11-04 12:20:06"
"143","143","143","24","ログ削除","2","/baser/api/admin/baser-core/utilities/delete_log.json",,"POST","1","2024-11-04 12:20:06","2024-11-04 12:20:06"
"144","144","144","24","DBバックアップダウンロード","2","/baser/api/admin/baser-core/utilities/download_backup.json",,"GET","1","2024-11-04 12:20:06","2024-11-04 12:20:06"
"145","145","145","24","ログダウンロード","2","/baser/api/admin/baser-core/utilities/download_log.json",,"GET","1","2024-11-04 12:20:06","2024-11-04 12:20:06"
"146","146","146","24","ツリー構造リセット","2","/baser/api/admin/baser-core/utilities/reset_contents_tree.json",,"POST","1","2024-11-04 12:20:06","2024-11-04 12:20:06"
"147","147","147","24","DBバックアップ復元","2","/baser/api/admin/baser-core/utilities/restore_db.json",,"POST","1","2024-11-04 12:20:06","2024-11-04 12:20:06"
"148","148","148","24","検索ボックス開閉状態保存","2","/baser/api/admin/baser-core/utilities/save_search_opened/*.json","1","POST","1","2024-11-04 12:20:06","2024-11-04 12:20:06"
"149","149","149","24","ツリー構造チェック","2","/baser/api/admin/baser-core/utilities/verity_contents_tree.json",,"POST","1","2024-11-04 12:20:06","2024-11-04 12:20:06"
"150","150","150","25","一覧","2","/baser/admin/bc-blog/blog_categories/index/*","1","GET","1","2024-11-04 12:20:06","2024-11-04 12:20:06"
"151","151","151","25","新規追加","2","/baser/admin/bc-blog/blog_categories/add/*","1","POST","1","2024-11-04 12:20:06","2024-11-04 12:20:06"
"152","152","152","25","編集","2","/baser/admin/bc-blog/blog_categories/edit/*","1","POST","1","2024-11-04 12:20:06","2024-11-04 12:20:06"
"153","153","153","25","削除","2","/baser/admin/bc-blog/blog_categories/delete/*","1","POST","1","2024-11-04 12:20:06","2024-11-04 12:20:06"
"154","154","154","26","削除","2","/baser/admin/bc-blog/blog_comments/delete/*","1","POST","1","2024-11-04 12:20:06","2024-11-04 12:20:06"
"155","155","155","26","一覧","2","/baser/admin/bc-blog/blog_comments/index/*","1","GET","1","2024-11-04 12:20:06","2024-11-04 12:20:06"
"156","156","156","26","公開する","2","/baser/admin/bc-blog/blog_comments/publish/*","1","POST","1","2024-11-04 12:20:06","2024-11-04 12:20:06"
"157","157","157","26","非公開にする","2","/baser/admin/bc-blog/blog_comments/unpublish/*","1","POST","1","2024-11-04 12:20:06","2024-11-04 12:20:06"
"158","158","158","27","編集","2","/baser/admin/bc-blog/blog_contents/edit/*","1","POST","1","2024-11-04 12:20:06","2024-11-04 12:20:06"
"159","159","159","28","新規登録","2","/baser/admin/bc-blog/blog_posts/add/*","1","POST","1","2024-11-04 12:20:06","2024-11-04 12:20:06"
"160","160","160","28","コピー","2","/baser/admin/bc-blog/blog_posts/copy/*","1","POST","1","2024-11-04 12:20:06","2024-11-04 12:20:06"
"161","161","161","28","削除","2","/baser/admin/bc-blog/blog_posts/delete/*","1","POST","1","2024-11-04 12:20:06","2024-11-04 12:20:06"
"162","162","162","28","編集","2","/baser/admin/bc-blog/blog_posts/edit/*","1","POST","1","2024-11-04 12:20:06","2024-11-04 12:20:06"
"163","163","163","28","一覧","2","/baser/admin/bc-blog/blog_posts/index/*","1","GET","1","2024-11-04 12:20:06","2024-11-04 12:20:06"
"164","164","164","28","公開する","2","/baser/admin/bc-blog/blog_posts/publish/*","1","POST","1","2024-11-04 12:20:06","2024-11-04 12:20:06"
"165","165","165","28","非公開にする","2","/baser/admin/bc-blog/blog_posts/unpublish/*","1","POST","1","2024-11-04 12:20:06","2024-11-04 12:20:06"
"166","166","166","29","新規登録","2","/baser/admin/bc-blog/blog_tags/add","1","POST","1","2024-11-04 12:20:06","2024-11-04 12:20:06"
"167","167","167","29","削除","2","/baser/admin/bc-blog/blog_tags/delete/*","1","POST","1","2024-11-04 12:20:06","2024-11-04 12:20:06"
"168","168","168","29","編集","2","/baser/admin/bc-blog/blog_tags/edit/*","1","POST","1","2024-11-04 12:20:06","2024-11-04 12:20:06"
"169","169","169","29","一覧","2","/baser/admin/bc-blog/blog_tags/index/*","1","GET","1","2024-11-04 12:20:06","2024-11-04 12:20:06"
"170","170","170","30","新規追加","2","/baser/api/admin/bc-blog/blog_categories/add/*.json","1","POST","1","2024-11-04 12:20:06","2024-11-04 12:20:06"
"171","171","171","30","一括処理","2","/baser/api/admin/bc-blog/blog_categories/batch.json","1","POST","1","2024-11-04 12:20:06","2024-11-04 12:20:06"
"172","172","172","30","削除","2","/baser/api/admin/bc-blog/blog_categories/delete/*.json","1","POST","1","2024-11-04 12:20:06","2024-11-04 12:20:06"
"173","173","173","30","編集","2","/baser/api/admin/bc-blog/blog_categories/edit/*.json","1","POST","1","2024-11-04 12:20:06","2024-11-04 12:20:06"
"174","174","174","30","一覧取得","2","/baser/api/admin/bc-blog/blog_categories/index/*.json","1","GET","1","2024-11-04 12:20:06","2024-11-04 12:20:06"
"175","175","175","30","リスト取得","2","/baser/api/admin/bc-blog/blog_categories/list/*.json","1","GET","1","2024-11-04 12:20:06","2024-11-04 12:20:06"
"176","176","176","30","単一取得","2","/baser/api/admin/bc-blog/blog_categories/view/*.json","1","GET","1","2024-11-04 12:20:06","2024-11-04 12:20:06"
"177","177","177","31","新規追加","2","/baser/api/admin/bc-blog/blog_comments/add/*.json","1","POST","1","2024-11-04 12:20:06","2024-11-04 12:20:06"
"178","178","178","31","一括処理","2","/baser/api/admin/bc-blog/blog_comments/batch.json","1","POST","1","2024-11-04 12:20:06","2024-11-04 12:20:06"
"179","179","179","31","削除","2","/baser/api/admin/bc-blog/blog_comments/delete/*.json","1","POST","1","2024-11-04 12:20:06","2024-11-04 12:20:06"
"180","180","180","31","一覧取得","2","/baser/api/admin/bc-blog/blog_comments/index.json","1","GET","1","2024-11-04 12:20:06","2024-11-04 12:20:06"
"181","181","181","31","単一取得","2","/baser/api/admin/bc-blog/blog_comments/view/*.json","1","GET","1","2024-11-04 12:20:06","2024-11-04 12:20:06"
"182","182","182","32","新規追加","2","/baser/api/admin/bc-blog/blog_contents/add.json","1","POST","1","2024-11-04 12:20:06","2024-11-04 12:20:06"
"183","183","183","32","コピー","2","/baser/api/admin/bc-blog/blog_contents/copy.json","1","POST","1","2024-11-04 12:20:06","2024-11-04 12:20:06"
"184","184","184","32","削除","2","/baser/api/admin/bc-blog/blog_contents/delete/*.json","1","POST","1","2024-11-04 12:20:06","2024-11-04 12:20:06"
"185","185","185","32","編集","2","/baser/api/admin/bc-blog/blog_contents/edit/*.json","1","POST","1","2024-11-04 12:20:06","2024-11-04 12:20:06"
"186","186","186","32","一覧取得","2","/baser/api/admin/bc-blog/blog_contents/index.json","1","GET","1","2024-11-04 12:20:06","2024-11-04 12:20:06"
"187","187","187","32","リスト取得","2","/baser/api/admin/bc-blog/blog_contents/list/*.json","1","GET","1","2024-11-04 12:20:06","2024-11-04 12:20:06"
"188","188","188","32","単一取得","2","/baser/api/admin/bc-blog/blog_contents/view/*.json","1","GET","1","2024-11-04 12:20:06","2024-11-04 12:20:06"
"189","189","189","33","新規追加","2","/baser/api/admin/bc-blog/blog_posts/add.json","1","POST","1","2024-11-04 12:20:06","2024-11-04 12:20:06"
"190","190","190","33","一括処理","2","/baser/api/admin/bc-blog/blog_posts/batch.json","1","POST","1","2024-11-04 12:20:06","2024-11-04 12:20:06"
"191","191","191","33","コピー","2","/baser/api/admin/bc-blog/blog_posts/copy/*.json","1","POST","1","2024-11-04 12:20:06","2024-11-04 12:20:06"
"192","192","192","33","削除","2","/baser/api/admin/bc-blog/blog_posts/delete/*.json","1","POST","1","2024-11-04 12:20:06","2024-11-04 12:20:06"
"193","193","193","33","編集","2","/baser/api/admin/bc-blog/blog_posts/edit/*.json","1","POST","1","2024-11-04 12:20:06","2024-11-04 12:20:06"
"194","194","194","33","一覧取得","2","/baser/api/admin/bc-blog/blog_posts/index.json","1","GET","1","2024-11-04 12:20:07","2024-11-04 12:20:07"
"195","195","195","33","公開する","2","/baser/api/admin/bc-blog/blog_posts/publish/*.json","1","POST","1","2024-11-04 12:20:07","2024-11-04 12:20:07"
"196","196","196","33","非公開にする","2","/baser/api/admin/bc-blog/blog_posts/unpublish/*.json","1","POST","1","2024-11-04 12:20:07","2024-11-04 12:20:07"
"197","197","197","33","単一取得","2","/baser/api/admin/bc-blog/blog_posts/view/*.json","1","GET","1","2024-11-04 12:20:07","2024-11-04 12:20:07"
"198","198","198","34","新規追加","2","/baser/api/admin/bc-blog/blog_tags/add.json","1","POST","1","2024-11-04 12:20:07","2024-11-04 12:20:07"
"199","199","199","34","一括処理","2","/baser/api/admin/bc-blog/blog_tags/batch.json","1","POST","1","2024-11-04 12:20:07","2024-11-04 12:20:07"
"200","200","200","34","削除","2","/baser/api/admin/bc-blog/blog_tags/delete/*.json","1","POST","1","2024-11-04 12:20:07","2024-11-04 12:20:07"
"201","201","201","34","編集","2","/baser/api/admin/bc-blog/blog_tags/edit/*.json","1","POST","1","2024-11-04 12:20:07","2024-11-04 12:20:07"
"202","202","202","34","一覧取得","2","/baser/api/admin/bc-blog/blog_tags/index.json","1","GET","1","2024-11-04 12:20:07","2024-11-04 12:20:07"
"203","203","203","34","単一取得","2","/baser/api/admin/bc-blog/blog_tags/view/*.json","1","GET","1","2024-11-04 12:20:07","2024-11-04 12:20:07"
"204","204","204","35","編集","2","/baser/admin/bc-mail/mail_configs/index",,"POST","1","2024-11-04 12:20:07","2024-11-04 12:20:07"
"205","205","205","36","編集","2","/baser/admin/bc-mail/mail_contents/edit/*","1","POST","1","2024-11-04 12:20:07","2024-11-04 12:20:07"
"206","206","206","37","新規追加","2","/baser/admin/bc-mail/mail_fields/add/*","1","POST","1","2024-11-04 12:20:07","2024-11-04 12:20:07"
"207","207","207","37","コピー","2","/baser/admin/bc-mail/mail_fields/copy/*","1","POST","1","2024-11-04 12:20:07","2024-11-04 12:20:07"
"208","208","208","37","削除","2","/baser/admin/bc-mail/mail_fields/delete/*","1","POST","1","2024-11-04 12:20:07","2024-11-04 12:20:07"
"209","209","209","37","編集","2","/baser/admin/bc-mail/mail_fields/edit/*","1","POST","1","2024-11-04 12:20:07","2024-11-04 12:20:07"
"210","210","210","37","一覧","2","/baser/admin/bc-mail/mail_fields/index/*","1","GET","1","2024-11-04 12:20:07","2024-11-04 12:20:07"
"211","211","211","37","公開する","2","/baser/admin/bc-mail/mail_fields/publish/*","1","POST","1","2024-11-04 12:20:07","2024-11-04 12:20:07"
"212","212","212","37","非公開にする","2","/baser/admin/bc-mail/mail_fields/unpublish/*","1","POST","1","2024-11-04 12:20:07","2024-11-04 12:20:07"
"213","213","213","38","添付ファイル表示","2","/baser/admin/bc-mail/mail_messages/attachment/*","1","GET","1","2024-11-04 12:20:07","2024-11-04 12:20:07"
"214","214","214","38","削除","2","/baser/admin/bc-mail/mail_messages/delete/*","1","POST","1","2024-11-04 12:20:07","2024-11-04 12:20:07"
"215","215","215","38","一覧","2","/baser/admin/bc-mail/mail_messages/index/*","1","GET","1","2024-11-04 12:20:07","2024-11-04 12:20:07"
"216","216","216","38","表示","2","/baser/admin/bc-mail/mail_messages/view/*","1","GET","1","2024-11-04 12:20:07","2024-11-04 12:20:07"
"217","217","217","38","CSVダウンロード","2","/baser/admin/bc-mail/mail_messages/download_csv/*","1","GET","1","2024-11-04 12:20:07","2024-11-04 12:20:07"
"218","218","218","39","設定取得","2","/baser/api/admin/bc-mail/mail_configs/view.json","1","GET","1","2024-11-04 12:20:07","2024-11-04 12:20:07"
"219","219","219","39","編集","2","/baser/api/admin/bc-mail/mail_configs/edit.json",,"POST","1","2024-11-04 12:20:07","2024-11-04 12:20:07"
"220","220","220","40","一覧取得","2","/baser/api/admin/bc-mail/mail_contents/index.json","1","GET","1","2024-11-04 12:20:07","2024-11-04 12:20:07"
"221","221","221","40","単一取得","2","/baser/api/admin/bc-mail/mail_contents/view/*.json","1","GET","1","2024-11-04 12:20:07","2024-11-04 12:20:07"
"222","222","222","40","リスト取得","2","/baser/api/admin/bc-mail/mail_contents/list.json","1","GET","1","2024-11-04 12:20:07","2024-11-04 12:20:07"
"223","223","223","40","新規登録","2","/baser/api/admin/bc-mail/mail_contents/add.json","1","POST","1","2024-11-04 12:20:07","2024-11-04 12:20:07"
"224","224","224","40","編集","2","/baser/api/admin/bc-mail/mail_contents/edit/*.json","1","POST","1","2024-11-04 12:20:07","2024-11-04 12:20:07"
"225","225","225","40","削除","2","/baser/api/admin/bc-mail/mail_contents/delete/*.json","1","POST","1","2024-11-04 12:20:07","2024-11-04 12:20:07"
"226","226","226","40","コピー","2","/baser/api/admin/bc-mail/mail_contents/copy.json","1","POST","1","2024-11-04 12:20:07","2024-11-04 12:20:07"
"227","227","227","41","一覧取得","2","/baser/api/admin/bc-mail/mail_fields/index/*.json","1","GET","1","2024-11-04 12:20:07","2024-11-04 12:20:07"
"228","228","228","41","単一取得","2","/baser/api/admin/bc-mail/mail_fields/view/*.json","1","GET","1","2024-11-04 12:20:07","2024-11-04 12:20:07"
"229","229","229","41","リスト取得","2","/baser/api/admin/bc-mail/mail_fields/list/*.json","1","GET","1","2024-11-04 12:20:07","2024-11-04 12:20:07"
"230","230","230","41","新規登録","2","/baser/api/admin/bc-mail/mail_fields/add/*.json","1","POST","1","2024-11-04 12:20:07","2024-11-04 12:20:07"
"231","231","231","41","編集","2","/baser/api/admin/bc-mail/mail_fields/edit/*.json","1","POST","1","2024-11-04 12:20:07","2024-11-04 12:20:07"
"232","232","232","41","削除","2","/baser/api/admin/bc-mail/mail_fields/delete/*.json","1","POST","1","2024-11-04 12:20:07","2024-11-04 12:20:07"
"233","233","233","41","コピー","2","/baser/api/admin/bc-mail/mail_fields/copy/*.json","1","POST","1","2024-11-04 12:20:07","2024-11-04 12:20:07"
"234","234","234","41","一括処理","2","/baser/api/admin/bc-mail/mail_fields/batch.json","1","POST","1","2024-11-04 12:20:07","2024-11-04 12:20:07"
"235","235","235","41","並び順更新","2","/baser/api/admin/bc-mail/mail_fields/update_sort/*.json","1","POST","1","2024-11-04 12:20:07","2024-11-04 12:20:07"
"236","236","236","42","新規登録","2","/baser/api/admin/bc-mail/mail_messages/add/*.json","1","POST","1","2024-11-04 12:20:07","2024-11-04 12:20:07"
"237","237","237","42","一括処理","2","/baser/api/admin/bc-mail/mail_messages/batch/*.json","1","POST","1","2024-11-04 12:20:07","2024-11-04 12:20:07"
"238","238","238","42","削除","2","/baser/api/admin/bc-mail/mail_messages/delete/*.json","1","POST","1","2024-11-04 12:20:07","2024-11-04 12:20:07"
"239","239","239","42","ダウンロード","2","/baser/api/admin/bc-mail/mail_messages/download/*.json","1","GET","1","2024-11-04 12:20:07","2024-11-04 12:20:07"
"240","240","240","42","編集","2","/baser/api/admin/bc-mail/mail_messages/edit/*.json","1","POST","1","2024-11-04 12:20:07","2024-11-04 12:20:07"
"241","241","241","42","一覧取得","2","/baser/api/admin/bc-mail/mail_messages/index/*.json","1","GET","1","2024-11-04 12:20:07","2024-11-04 12:20:07"
"242","242","242","42","単一取得","2","/baser/api/admin/bc-mail/mail_messages/view/*.json","1","GET","1","2024-11-04 12:20:07","2024-11-04 12:20:07"
"243","243","243","43","一覧","2","/baser/admin/bc-theme-config/theme_configs/index",,"GET","1","2024-11-04 12:20:07","2024-11-04 12:20:07"
"244","244","244","44","設定取得","2","/baser/api/admin/bc-theme-config/theme_configs/view.json","1","GET","1","2024-11-04 12:20:07","2024-11-04 12:20:07"
"245","245","245","44","編集","2","/baser/api/admin/bc-theme-config/theme_configs/edit.json",,"POST","1","2024-11-04 12:20:07","2024-11-04 12:20:07"
"246","246","246","45","新規登録","2","/baser/admin/bc-widget-area/widget_areas/add",,"POST","1","2024-11-04 12:20:07","2024-11-04 12:20:07"
"247","247","247","45","削除","2","/baser/admin/bc-widget-area/widget_areas/delete/*",,"POST","1","2024-11-04 12:20:07","2024-11-04 12:20:07"
"248","248","248","45","編集","2","/baser/admin/bc-widget-area/widget_areas/edit/*",,"POST","1","2024-11-04 12:20:07","2024-11-04 12:20:07"
"249","249","249","45","一覧","2","/baser/admin/bc-widget-area/widget_areas/index",,"GET","1","2024-11-04 12:20:07","2024-11-04 12:20:07"
"250","250","250","46","新規追加","2","/baser/api/admin/bc-widget-area/widget_areas/add.json",,"POST","1","2024-11-04 12:20:07","2024-11-04 12:20:07"
"251","251","251","46","一括処理","2","/baser/api/admin/bc-widget-area/widget_areas/batch.json",,"POST","1","2024-11-04 12:20:07","2024-11-04 12:20:07"
"252","252","252","46","削除","2","/baser/api/admin/bc-widget-area/widget_areas/delete/*.json",,"POST","1","2024-11-04 12:20:07","2024-11-04 12:20:07"
"253","253","253","46","ウィジェット削除","2","/baser/api/admin/bc-widget-area/widget_areas/delete_widget/*.json",,"POST","1","2024-11-04 12:20:07","2024-11-04 12:20:07"
"254","254","254","46","一覧","2","/baser/api/admin/bc-widget-area/widget_areas/index.json",,"GET","1","2024-11-04 12:20:07","2024-11-04 12:20:07"
"255","255","255","46","並び順更新","2","/baser/api/admin/bc-widget-area/widget_areas/update_sort/*.json",,"POST","1","2024-11-04 12:20:07","2024-11-04 12:20:07"
"256","256","256","46","タイトル更新","2","/baser/api/admin/bc-widget-area/widget_areas/update_title/*.json",,"POST","1","2024-11-04 12:20:07","2024-11-04 12:20:07"
"257","257","257","46","編集","2","/baser/api/admin/bc-widget-area/widget_areas/update_widget/*.json",,"POST","1","2024-11-04 12:20:07","2024-11-04 12:20:07"
"258","258","258","47","新規登録","2","/baser/admin/bc-uploader/uploader_categories/add","1","POST","1","2024-11-04 12:20:07","2024-11-04 12:20:07"
"259","259","259","47","コピー","2","/baser/admin/bc-uploader/uploader_categories/copy/*","1","POST","1","2024-11-04 12:20:07","2024-11-04 12:20:07"
"260","260","260","47","削除","2","/baser/admin/bc-uploader/uploader_categories/delete/*","1","POST","1","2024-11-04 12:20:07","2024-11-04 12:20:07"
"261","261","261","47","編集","2","/baser/admin/bc-uploader/uploader_categories/edit/*","1","POST","1","2024-11-04 12:20:07","2024-11-04 12:20:07"
"262","262","262","47","一覧","2","/baser/admin/bc-uploader/uploader_categories/index","1","GET","1","2024-11-04 12:20:07","2024-11-04 12:20:07"
"263","263","263","48","編集","2","/baser/admin/bc-uploader/uploader_configs/index",,"POST","1","2024-11-04 12:20:07","2024-11-04 12:20:07"
"264","264","264","49","検索ボックス取得","2","/baser/admin/bc-uploader/uploader_files/ajax_get_search_box*","1","GET","1","2024-11-04 12:20:07","2024-11-04 12:20:07"
"265","265","265","49","画像取得","2","/baser/admin/bc-uploader/uploader_files/ajax_image/*","1","GET","1","2024-11-04 12:20:07","2024-11-04 12:20:07"
"266","266","266","49","一覧取得","2","/baser/admin/bc-uploader/uploader_files/ajax_index*","1","GET","1","2024-11-04 12:20:07","2024-11-04 12:20:07"
"267","267","267","49","リスト取得","2","/baser/admin/bc-uploader/uploader_files/ajax_list*","1","GET","1","2024-11-04 12:20:07","2024-11-04 12:20:07"
"268","268","268","49","削除","2","/baser/admin/bc-uploader/uploader_files/delete/*","1","POST","1","2024-11-04 12:20:07","2024-11-04 12:20:07"
"269","269","269","49","編集","2","/baser/admin/bc-uploader/uploader_files/edit/*","1","POST","1","2024-11-04 12:20:07","2024-11-04 12:20:07"
"270","270","270","49","一覧","2","/baser/admin/bc-uploader/uploader_files/index","1","GET","1","2024-11-04 12:20:07","2024-11-04 12:20:07"
"271","271","271","50","一覧取得","2","/baser/api/admin/bc-uploader/uploader_categories/index.json","1","GET","1","2024-11-04 12:20:07","2024-11-04 12:20:07"
"272","272","272","50","新規追加","2","/baser/api/admin/bc-uploader/uploader_categories/add.json","1","POST","1","2024-11-04 12:20:07","2024-11-04 12:20:07"
"273","273","273","50","編集","2","/baser/api/admin/bc-uploader/uploader_categories/edit/*.json","1","POST","1","2024-11-04 12:20:07","2024-11-04 12:20:07"
"274","274","274","50","削除","2","/baser/api/admin/bc-uploader/uploader_categories/delete/*.json","1","POST","1","2024-11-04 12:20:07","2024-11-04 12:20:07"
"275","275","275","50","コピー","2","/baser/api/admin/bc-uploader/uploader_categories/copy/*.json","1","POST","1","2024-11-04 12:20:07","2024-11-04 12:20:07"
"276","276","276","50","一括処理","2","/baser/api/admin/bc-uploader/uploader_categories/batch.json","1","POST","1","2024-11-04 12:20:07","2024-11-04 12:20:07"
"277","277","277","51","設定取得","2","/baser/api/admin/bc-uploader/uploader_categories/view.json","1","GET","1","2024-11-04 12:20:07","2024-11-04 12:20:07"
"278","278","278","51","編集","2","/baser/api/admin/bc-uploader/uploader_categories/edit.json",,"POST","1","2024-11-04 12:20:07","2024-11-04 12:20:07"
"279","279","279","52","一覧取得","2","/baser/api/admin/bc-uploader/uploader_files/index.json","1","GET","1","2024-11-04 12:20:07","2024-11-04 12:20:07"
"280","280","280","52","新規追加","2","/baser/api/admin/bc-uploader/uploader_files/add.json","1","POST","1","2024-11-04 12:20:07","2024-11-04 12:20:07"
"281","281","281","52","編集","2","/baser/api/admin/bc-uploader/uploader_files/edit/*.json","1","POST","1","2024-11-04 12:20:07","2024-11-04 12:20:07"
"282","282","282","52","削除","2","/baser/api/admin/bc-uploader/uploader_files/delete/*.json","1","POST","1","2024-11-04 12:20:07","2024-11-04 12:20:07"
"283","283","283","53","削除","2","/baser/admin/bc-search-index/search_indexes/delete/*",,"POST","1","2024-11-04 12:20:07","2024-11-04 12:20:07"
"284","284","284","53","一覧","2","/baser/admin/bc-search-index/search_indexes/index",,"GET","1","2024-11-04 12:20:07","2024-11-04 12:20:07"
"285","285","285","53","検索インデックス再構築","2","/baser/admin/bc-search-index/search_indexes/reconstruct",,"POST","1","2024-11-04 12:20:07","2024-11-04 12:20:07"
"286","286","286","54","一括処理","2","/baser/api/admin/bc-search-index/search_indexes/batch.json",,"POST","1","2024-11-04 12:20:07","2024-11-04 12:20:07"
"287","287","287","54","優先度変更","2","/baser/api/admin/bc-search-index/search_indexes/change_priority/*.json",,"POST","1","2024-11-04 12:20:07","2024-11-04 12:20:07"
"288","288","288","54","削除","2","/baser/api/admin/bc-search-index/search_indexes/delete/*.json",,"POST","1","2024-11-04 12:20:07","2024-11-04 12:20:07"
"289","289","289","54","一覧取得","2","/baser/api/admin/bc-search-index/search_indexes/index.json",,"GET","1","2024-11-04 12:20:07","2024-11-04 12:20:07"
"290","290","290","54","検索インデックス再構築","2","/baser/api/admin/bc-search-index/search_indexes/reconstruct.json",,"POST","1","2024-11-04 12:20:07","2024-11-04 12:20:07"
"291","291","291","59","フルアクセス","2","/baser/admin/dub-bootstrap-u-i/*","1","*","1","2024-11-05 14:58:16","2024-11-05 14:58:16"
"292","292","292","60","フルアクセス","2","/baser/api/dub-bootstrap-u-i/*","1","*","1","2024-11-05 14:58:16","2024-11-05 14:58:16"
"293","293","293","61","フルアクセス","2","/baser/api/admin/dub-bootstrap-u-i/*","1","*","1","2024-11-05 14:58:16","2024-11-05 14:58:16"
"294","294","294","62","フルアクセス","2","/baser/front/dub-bootstrap-u-i/*","1","*","1","2024-11-05 14:58:16","2024-11-05 14:58:16"
"295","295","295","63","編集","2","/baser/admin/bc-content-link/content_links/edit/*","1","POST","1","2024-11-05 14:58:24","2024-11-05 14:58:24"
"296","296","296","64","新規登録","2","/baser/api/admin/bc-content-link/content_links/add.json","1","POST","1","2024-11-05 14:58:24","2024-11-05 14:58:24"
"297","297","297","64","削除","2","/baser/api/admin/bc-content-link/content_links/delete/*.json","1","POST","1","2024-11-05 14:58:24","2024-11-05 14:58:24"
"298","298","298","64","編集","2","/baser/api/admin/bc-content-link/content_links/edit/*.json","1","POST","1","2024-11-05 14:58:24","2024-11-05 14:58:24"
"299","299","299","64","単一取得","2","/baser/api/admin/bc-content-link/content_links/view/*.json","1","GET","1","2024-11-05 14:58:24","2024-11-05 14:58:24"
"300","300","300","65","フルアクセス","2","/baser/admin/bc-custom-content/*","1","*","1","2024-11-05 14:58:31","2024-11-05 14:58:31"
"301","301","301","66","フルアクセス","2","/baser/api/bc-custom-content/*","1","*","1","2024-11-05 14:58:31","2024-11-05 14:58:31"
"302","302","302","67","フルアクセス","2","/baser/api/admin/bc-custom-content/*","1","*","1","2024-11-05 14:58:31","2024-11-05 14:58:31"
"303","303","303","68","フルアクセス","2","/baser/front/bc-custom-content/*","1","*","1","2024-11-05 14:58:31","2024-11-05 14:58:31"
"304","304","304","69","フルアクセス","2","/baser/api/admin/bc-favorite/favorites/*.json","1","*","1","2024-11-05 14:58:38","2024-11-05 14:58:38"
"305","305","305","70","フルアクセス","2","/baser/admin/dub-manual/*","1","*","1","2024-11-12 10:07:08","2024-11-12 10:07:08"
"306","306","306","71","フルアクセス","2","/baser/api/dub-manual/*","1","*","1","2024-11-12 10:07:08","2024-11-12 10:07:08"
"307","307","307","72","フルアクセス","2","/baser/api/admin/dub-manual/*","1","*","1","2024-11-12 10:07:08","2024-11-12 10:07:08"
"308","308","308","73","フルアクセス","2","/baser/front/dub-manual/*","1","*","1","2024-11-12 10:07:08","2024-11-12 10:07:08"
